Workbook

Sheet Tracker
A1: Fase / Pekerjaan Teknis | B1: Bobot | C1: Mar-W1 | D1: Mar-W2 | E1: Mar-W3 | F1: Mar-W4 | G1: Apr-W1 | H1: Apr-W2 | I1: Apr-W3 | J1: Apr-W4 | K1: Mei-W1 | L1: Mei-W2 | M1: Mei-W3 | N1: Mei-W4 | O1: Jun-W1 | P1: Jun-W2 | Q1: Jun-W3 | R1: Jun-W4 | S1: Jul-W1 | T1: Jul-W2 | U1: Jul-W3 | V1: Jul-W4 | W1: Agu-W1 | X1: Agu-W2 | Y1: Agu-W3 | Z1: Agu-W4 | AA1: Total Progres | AB1: Realisasi
A2: FASE I: ANALISA & DESAIN | B2: 0.2 | C2: =sum(C3:C6) -> 0.9 | D2: =sum(D3:D6) -> 1 | E2: =sum(E3:E6) -> 0.8 | F2: =sum(F3:F6) -> 0.9 | G2: =sum(G3:G6) -> 0 | H2: =sum(H3:H6) -> 0 | I2: =sum(I3:I6) -> 0 | J2: =sum(J3:J6) -> 0 | ... Z2: =sum(Z3:Z6) -> 0 | AA2: =AVERAGE(AA3:AA6) -> 0.9 | AB2: =B2*AA2 -> 0.18 | AC2: =AB2/2 -> 0.09 | AL2: =SUM(C2:Z2) -> 3.6 | AM2: =B2*AA2 -> 0.18
A3: Identifikasi Stakeholder 11 BUMY | B3: 0.05 | C3: 0.3 | D3: 0.3 | E3: 0.2 | F3: 0.15 | G3: 0 | H3: 0 | I3: 0 | J3: 0 | K3: 0 | L3: 0 | M3: 0 | N3: 0 | O3: 0 | P3: 0 | Q3: 0 | R3: 0 | S3: 0 | T3: 0 | U3: 0 | V3: 0 | W3: 0 | X3: 0 | Y3: 0 | Z3: 0 | AA3: =SUM(C3:Z3) -> 0.95 | AB3: =B3*AA3 -> 0.0475
A4: Standarisasi COA Yayasan & Arsitektur | B4: 0.05 | C4: 0.2 | D4: 0.3 | E4: 0.2 | F4: 0.2 | G4: 0 | H4: 0 | I4: 0 | J4: 0 | K4: 0 | L4: 0 | M4: 0 | N4: 0 | O4: 0 | P4: 0 | Q4: 0 | R4: 0 | S4: 0 | T4: 0 | U4: 0 | V4: 0 | W4: 0 | X4: 0 | Y4: 0 | Z4: 0 | AA4: =SUM(C4:Z4) -> 0.9 | AB4: =B4*AA4 -> 0.045
A5: Perancangan ERD & Data Dictionary | B5: 0.05 | C5: 0.2 | D5: 0.2 | E5: 0.2 | F5: 0.3 | G5: 0 | H5: 0 | I5: 0 | J5: 0 | K5: 0 | L5: 0 | M5: 0 | N5: 0 | O5: 0 | P5: 0 | Q5: 0 | R5: 0 | S5: 0 | T5: 0 | U5: 0 | V5: 0 | W5: 0 | X5: 0 | Y5: 0 | Z5: 0 | AA5: =SUM(C5:Z5) -> 0.9 | AB5: =B5*AA5 -> 0.045
A6: Wireframe UI/UX & Desain Endpoint | B6: 0.05 | C6: 0.2 | D6: 0.2 | E6: 0.2 | F6: 0.25 | G6: 0 | H6: 0 | I6: 0 | J6: 0 | K6: 0 | L6: 0 | M6: 0 | N6: 0 | O6: 0 | P6: 0 | Q6: 0 | R6: 0 | S6: 0 | T6: 0 | U6: 0 | V6: 0 | W6: 0 | X6: 0 | Y6: 0 | Z6: 0 | AA6: =SUM(C6:Z6) -> 0.85 | AB6: =B6*AA6 -> 0.0425
A7: FASE II: PEMBUATAN SISTEM BUMY | B7: 0.3 | AA7: =AVERAGE(AA8:AA11) -> 0.775 | AB7: =B7*AA7 -> 0.2325 | AC7: =AB7+AB19+AC2 -> 0.3675 | AD7: 0.475 | AE7: =AC7/AD7 -> 0.77368421 | AL7: =SUM(C7:Z7) -> 0 | AM7: =B7*AA7 -> 0.2325
A8: Modul Master Unit & Registrasi User | B8: 0.08 | C8: 0 | D8: 0 | E8: 0 | F8: 0 | G8: 0.3 | H8: 0.25 | I8: 0.2 | J8: 0.1 | K8: 0 | L8: 0 | M8: 0 | N8: 0 | O8: 0 | P8: 0 | Q8: 0 | R8: 0 | S8: 0 | T8: 0 | U8: 0 | V8: 0 | W8: 0 | X8: 0 | Y8: 0 | Z8: 0 | AA8: =SUM(C8:Z8) -> 0.85 | AB8: =B8*AA8 -> 0.068
A9: Input Transaksi Harian & Jurnal Umum | B9: 0.1 | C9: 0 | D9: 0 | E9: 0 | F9: 0 | G9: 0.2 | H9: 0.2 | I9: 0.2 | J9: 0.2 | K9: 0 | L9: 0 | M9: 0 | N9: 0 | O9: 0 | P9: 0 | Q9: 0 | R9: 0 | S9: 0 | T9: 0 | U9: 0 | V9: 0 | W9: 0 | X9: 0 | Y9: 0 | Z9: 0 | AA9: =SUM(C9:Z9) -> 0.8 | AB9: =B9*AA9 -> 0.08
A10: Processing GL & Tutup Periode | B10: 0.07 | C10: 0 | D10: 0 | E10: 0 | F10: 0 | G10: 0.2 | H10: 0.2 | I10: 0.2 | J10: 0.15 | K10: 0 | L10: 0 | M10: 0 | N10: 0 | O10: 0 | P10: 0 | Q10: 0 | R10: 0 | S10: 0 | T10: 0 | U10: 0 | V10: 0 | W10: 0 | X10: 0 | Y10: 0 | Z10: 0 | AA10: =SUM(C10:Z10) -> 0.75 | AB10: =B10*AA10 -> 0.0525
A11: Otomatisasi Laporan Keuangan | B11: 0.05 | C11: 0 | D11: 0 | E11: 0 | F11: 0 | G11: 0.15 | H11: 0.2 | I11: 0.2 | J11: 0.15 | K11: 0 | L11: 0 | M11: 0 | N11: 0 | O11: 0 | P11: 0 | Q11: 0 | R11: 0 | S11: 0 | T11: 0 | U11: 0 | V11: 0 | W11: 0 | X11: 0 | Y11: 0 | Z11: 0 | AA11: =SUM(C11:Z11) -> 0.7 | AB11: =B11*AA11 -> 0.035
A12: FASE III: DASHBOARD EKSEKUTIF | B12: 0.2 | AA12: =AVERAGE(AA13:AA16) -> 0.87 | AB12: =B12*AA12 -> 0.174 | AC12: =AB12+AB20+AC2 -> 0.2715 | AD12: 0.375 | AE12: =AC12/AD12 -> 0.724 | AL12: =SUM(C12:Z12) -> 0 | AM12: =B12*AA12 -> 0.174
A13: Audit Trail & Role Management | B13: 0.04 | C13: 0 | D13: 0 | E13: 0 | F13: 0 | G13: 0.2 | H13: 0.2 | I13: 0.15 | J13: 0.15 | K13: 0.05 | L13: 0.05 | M13: 0.05 | N13: 0.05 | O13: 0.05 | P13: 0.05 | Q13: 0 | R13: 0 | S13: 0 | T13: 0 | U13: 0 | V13: 0 | W13: 0 | X13: 0 | Y13: 0 | Z13: 0 | AA13: =SUM(C13:Z13) -> 1 | AB13: =B13*AA13 -> 0.04
A14: Logic Konsolidasi & Eliminasi | B14: 0.06 | C14: 0 | D14: 0 | E14: 0 | F14: 0 | G14: 0.1 | H14: 0.15 | I14: 0.1 | J14: 0.1 | K14: 0.1 | L14: 0.1 | M14: 0.1 | N14: 0.1 | O14: 0.05 | P14: 0.05 | Q14: 0.05 | R14: 0 | S14: 0 | T14: 0 | U14: 0 | V14: 0 | W14: 0 | X14: 0 | Y14: 0 | Z14: 0 | AA14: =SUM(C14:Z14) -> 1 | AB14: =B14*AA14 -> 0.06
A15: Prototype Dashboard | B15: 0.05 | C15: 0 | D15: 0 | E15: 0 | F15: 0 | G15: 0.1 | H15: 0.1 | I15: 0.1 | J15: 0.04 | K15: 0.05 | L15: 0.05 | M15: 0.05 | N15: 0.05 | O15: 0.05 | P15: 0.05 | Q15: 0.05 | R15: 0.05 | S15: 0 | T15: 0 | U15: 0 | V15: 0 | W15: 0 | X15: 0 | Y15: 0 | Z15: 0 | AA15: =SUM(C15:Z15) -> 0.74 | AB15: =B15*AA15 -> 0.037
A16: Spesifikasi Endpoint API | B16: 0.05 | C16: 0 | D16: 0 | E16: 0 | F16: 0 | G16: 0.1 | H16: 0.1 | I16: 0.1 | J16: 0.04 | K16: 0.05 | L16: 0.05 | M16: 0.05 | N16: 0.05 | O16: 0.05 | P16: 0.05 | Q16: 0.05 | R16: 0.05 | S16: 0 | T16: 0 | U16: 0 | V16: 0 | W16: 0 | X16: 0 | Y16: 0 | Z16: 0 | AA16: =SUM(C16:Z16) -> 0.74 | AB16: =B16*AA16 -> 0.037
A17: FASE IV: INFRASTRUKTUR TI | B17: 0.15 | C17: 0 | D17: 0 | E17: 0 | F17: 0 | G17: 0 | H17: 0 | I17: 0 | J17: 0 | K17: 0.1 | L17: 0.1 | M17: 0.05 | N17: 0.05 | O17: 0.1 | P17: 0.1 | Q17: 0.1 | R17: 0 | S17: 0.1 | T17: 0.1 | U17: 0.1 | V17: 0.1 | W17: 0 | X17: 0 | Y17: 0 | Z17: 0 | AA17: =SUM(C17:Z17) -> 1 | AB17: =B17*AA17 -> 0.15 | AC17: =AB17 -> 0.15 | AD17: 0.15 | AE17: =AC17/AD17 -> 1
A18: FASE V: TESTING & IMPLEMENTASI | B18: =SUM(B19:B20) -> 0.15 | C18: 0 | D18: 0 | E18: 0 | F18: 0 | G18: 0 | H18: 0 | I18: 0 | J18: 0 | K18: 0 | L18: 0 | M18: 0 | N18: 0 | O18: 0 | P18: 0 | Q18: 0 | R18: 0 | S18: 0 | T18: 0 | U18: 0 | V18: 0 | W18: 0 | X18: 0 | Y18: 0 | Z18: 0 | AA18: =AVERAGE(AA19:AA20) -> 0.35 | AB18: =AA18*B18 -> 0.0525
A19: Aplikasi BUMY | B19: 0.075 | C19: 0 | D19: 0 | E19: 0 | F19: 0 | G19: 0 | H19: 0 | I19: 0 | J19: 0 | K19: 0 | L19: 0 | M19: 0 | N19: 0 | O19: 0 | P19: 0 | Q19: 0 | R19: 0 | S19: 0.1 | T19: 0.4 | U19: 0.1 | V19: 0 | W19: 0 | X19: 0 | Y19: 0 | Z19: 0 | AA19: =SUM(C19:Z19) -> 0.6 | AB19: =AA19*B19 -> 0.045
A20: Dashboard YKEP | B20: 0.075 | C20: 0 | D20: 0 | E20: 0 | F20: 0 | G20: 0 | H20: 0 | I20: 0 | J20: 0 | K20: 0 | L20: 0 | M20: 0 | N20: 0 | O20: 0 | P20: 0 | Q20: 0 | R20: 0 | S20: 0.1 | T20: 0 | U20: 0 | V20: 0 | W20: 0 | X20: 0 | Y20: 0 | Z20: 0 | AA20: =sum(C20:Z20) -> 0.1 | AB20: =AA20*B20 -> 0.0075
B21: =B18+B17+B12+B7+B2 -> 1 | AB21: =SUM(AB18,AB12,AB7,AB2,AB17) -> 0.789 | AC21: =SUM(AC7:AC18) -> 0.789

Sheet resume
A1: Fase Pekerjaan | B1: Bobot Total | C1: Total Realisasi | D1: Status Target
A2: FASE I: ANALISA & DESAIN | B2: =Tracker!B2 -> 0.2 | C2: =Tracker!AB2 -> 0.18 | D2: =IF(C2>0, "On-Progress", "Belum Mulai") -> On-Progress
A3: FASE II: PEMBUATAN SISTEM BUMY | B3: =Tracker!B7 -> 0.3 | C3: =Tracker!AB7 -> 0.2325 | D3: =IF(C3>0, "On-Progress", "Belum Mulai") -> On-Progress
A4: FASE III: DASHBOARD EKSEKUTIF | B4: =Tracker!B12 -> 0.2 | C4: =Tracker!AB12 -> 0.174 | D4: =IF(C4>0, "On-Progress", "Belum Mulai") -> On-Progress
A5: FASE IV: INFRASTRUKTUR TI | B5: =Tracker!B17 -> 0.15 | C5: =Tracker!AB17 -> 0.15 | D5: =IF(C5>0, "On-Progress", "Belum Mulai") -> On-Progress
A6: FASE V: TESTING & IMPLEMENTASI | B6: =Tracker!B18 -> 0.15 | C6: =Tracker!AB18 -> 0.0525 | D6: =IF(C6>0, "On-Progress", "Belum Mulai") -> On-Progress
A7: TOTAL KESELURUHAN | B7: =SUM(B2:B6) -> 1 | C7: =SUM(C2:C6) -> 0.789
